consump,leisure,wage,epsilon
3.157653712121939,0.42665587799410587,9.251172534430548,-1.0856306033005612
4.7257106137028995,0.5589860720698785,10.567594726027766,0.9973454465835858
4.4287494660467335,0.5165011268110428,10.718150542551843,0.28297849805199204
2.847100343331547,0.39540339725815865,9.000619250726482,-1.506294713918092
3.900659203190526,0.4654769768324642,10.474898322936985,-0.5786002519685364
4.078318343248355,0.6269320312342412,8.13150018674945,1.651436537097151
2.705596815437241,0.3451952919930559,9.797341092834445,-2.426679243393074
3.331844475060575,0.46976337779021127,8.86575197372166,-0.42891262885617726
4.309888393273907,0.586073137832714,9.192300659802848,1.265936258705534
3.0561988580097097,0.43790491120999997,8.72392264785565,-0.8667404022651017
3.8820074823245667,0.4597954457672314,10.553626395338984,-0.6788861516220543
4.174195303704302,0.494391338863145,10.553874470431868,-0.09470896893689112
4.469214634929033,0.6001330526942474,9.308799554667223,1.4913896261242878
3.8307819242351147,0.4615140879678706,10.375582306443599,-0.638901996684651
3.882518041431118,0.47295766939803163,10.261272553135376,-0.44398195964606546
3.7314436604573644,0.4724998003853404,9.871548245666558,-0.43435127561851733
5.96623312119616,0.6133975161616533,12.158170199583578,2.2059300827254558
4.757041597630949,0.6492218793132558,9.159121382860139,2.1867860889737867
4.507748985224694,0.5626637275866747,10.014305090713137,1.004053897878877
4.040138387869204,0.5250962999051318,9.61761297070444,0.386186399174856
4.219972282095953,0.5478650633902671,9.62821998536958,0.7373685758962422
4.809130815711991,0.5917088033460032,10.159412004091479,1.490732028150799
3.4143247857229464,0.4397362441653506,9.705604299810355,-0.9358338684023914
4.243743818354156,0.5804078192382023,9.139573239907762,1.1758290447821034
3.422750665309387,0.4225940529782582,10.124227497959732,-1.2538806677490124
4.154056907474889,0.4643549573000649,11.182331646753985,-0.6377515024534103
4.8306591498915505,0.5518096364016777,10.942766379978499,0.9071051958003012
3.3668774452505006,0.41248441201489916,10.203044488408711,-1.428680700225969
3.635806914386096,0.4905508149287705,9.264603186201072,-0.1400687201886661
3.643694392229945,0.4471260460199733,10.18642960039947,-0.8617548958596855
4.306047524073077,0.4855870769816277,11.084643023345938,-0.2556193705305969
3.077181152200432,0.34370578051065337,11.191189262326986,-2.7985891054607244
3.258108271571635,0.3931233941766387,10.359687059566395,-1.771533104509847
3.5043185026345545,0.45460362316136876,9.635642799833782,-0.6998772345979173
4.382630116106143,0.5591660090864359,9.797247250567128,0.9274624317585825
4.222000529540294,0.4899255626576503,10.772045927338505,-0.1736356827902158
4.275961443896906,0.5001664457991293,10.68634621487125,0.0028459158968110196
3.6410315106959494,0.5521867893910262,8.242300387862016,0.688222711102285
3.8236788544123845,0.4484257493020043,10.658617564792277,-0.8795363430090519
4.426328997915457,0.5165495570422735,10.711288340029528,0.283627323807291
3.242440170965083,0.4447641120025062,9.112808574994727,-0.8053665180656158
2.8301728064502236,0.3830762072698829,9.235018883776318,-1.7276694941206072
3.5016844638753954,0.4735673797857666,9.242835901882364,-0.390899793755101
4.01479781019339,0.5384805554495937,9.319737197477153,0.5738058624050577
3.6025946906222073,0.5246547807295885,8.583250412805766,0.3385890509998015
4.119321524581369,0.49928304148748304,10.313091929551947,-0.01183049447881976
4.881894873461859,0.6622729278519127,9.21428060123249,2.392365265937726
4.178302545717873,0.5259899371670576,9.92961616390871,0.4129121603087788
4.290340489749076,0.5643740522551363,9.502431216951004,0.9787360059373466
5.221142677807652,0.636403254223795,10.25517752139669,2.2381433384979528
2.9487105239905955,0.41002682495324894,8.98938296392805,-1.2940853231612488
3.57871204485611,0.43662998393688196,10.245265374896466,-1.0387882102049535
5.0277685189389425,0.6048934658997569,10.389781015943694,1.7437122251229307
3.9320064664589207,0.4539335162947908,10.827594585198629,-0.7980627352410625
4.801949250907929,0.5015501651812473,11.967769089390657,0.02968323030333022
3.697817276610487,0.584513288041101,7.907898229745782,1.0693159694243486
4.57347892939584,0.5539413312929916,10.320314334373137,0.8907063912931708
4.593777954347859,0.6180522104778632,9.29083715839326,1.7548861819811095
3.977798599352271,0.6157627712426886,8.07494132708884,1.4956441370334692
4.87134858417553,0.5616485141201236,10.841630623306655,1.0693926697057368
4.146525596434366,0.4573831249578607,11.332199883894905,-0.7727087142471915
4.240780249696906,0.5517037800370842,9.608372289500743,0.7948626677932181
4.241502515742239,0.5192362752635105,10.210916296222011,0.31427199450686705
3.3112365739645093,0.4165738411232056,9.935923259836843,-1.326265459940456
4.882328590475705,0.5848950664176856,10.434197668093196,1.4172990464768525
4.755832566858722,0.5463693007177074,10.880535748923597,0.8072365345785665
4.160719974592907,0.5027483298807754,10.344937335693396,0.045490080631097156
4.0217619412918575,0.4859186373649757,10.34576992946016,-0.2330920609844135
3.90474404479826,0.4334852807091536,11.259736542871634,-1.198301144700787
4.033897147908669,0.5126790303283049,9.835337777823382,0.19952407355863258
4.6034453882424025,0.5268033249956987,10.92306457129895,0.46843911944564426
3.255622339001753,0.44340031716627204,9.177999577808482,-0.8311549842432792
5.223936003236445,0.5625805302555899,11.607084946716702,1.1622040490995293
3.746528633707645,0.4361367987470734,10.737825392372907,-1.0972030464830342
2.7769460114221953,0.3617231692491524,9.59624046610854,-2.1231003500424417
3.6740442866104837,0.5824086487279865,7.885451852910333,1.0397270908927005
3.7981926940964867,0.47478883926466464,9.99968928286885,-0.4033660381021075
3.4642614438351926,0.4910674996184615,8.81819059122925,-0.12602958531301514
3.7010954798593727,0.4491780075766904,10.299634603179747,-0.8375167228250533
3.7774861487614895,0.4123472249007585,11.451168822800476,-1.6059627607174027
4.691642604480705,0.5772164116355758,10.160059792796488,1.2552373747242185
3.5843604623467296,0.45616537692440573,9.821987385675476,-0.6888689838469215
4.9673584056723135,0.6003746555537738,10.342205403995859,1.6609524881479396
4.517914171549315,0.5490554905875117,10.285650196109875,0.8073081862107286
2.897475283260371,0.4742411494974009,7.637135891547752,-0.31475814671745994
3.553423545064772,0.4337278405567154,10.240936864070513,-1.0859024011268665
3.8818799490868505,0.4568948412221474,10.620277356117697,-0.732461986720457
3.290001780735333,0.42219961644456533,9.740658365707294,-1.2125231310951696
5.434980311050297,0.6188175825678169,10.97855907814051,2.0871133595881854
4.031150785281714,0.510410492408307,9.872325425417003,0.16444123022982496
4.88190227626548,0.5667668381830515,10.76699876248041,1.1502055425466322
4.275566018319748,0.43546091036280565,12.273105107062154,-1.2673520490102275
4.051961113187914,0.5114248207367872,9.903608870973528,0.18103512959700388
3.8120781030369906,0.5913596160812746,8.057867834081753,1.1778619388085783
3.697857929403249,0.4783325178622751,9.663408275924391,-0.3350107619330159
3.8252012275448433,0.5778871125956959,8.27410999520993,1.0311144589217422
3.702211174573275,0.4361191449960184,10.611237826440396,-1.0845679120057665
3.8420046173039446,0.4246491052100828,11.30935097403309,-1.3634715446185843
4.468052170726085,0.522169787810679,10.695879661717541,0.37940061207813613
3.9385350678122317,0.47703699669403743,10.32030821274627,-0.3791764345725522
4.063057161626013,0.5428948138224796,9.355074542475242,0.6420546892718314
3.641315932626367,0.39320859007236064,11.575649745966478,-1.977887931520449
4.6574428025349865,0.5413981179682081,10.753276211999319,0.7122646354705182
5.412939786326478,0.6579021597162209,10.284469556729551,2.5983039272693147
4.069631136902888,0.4984917737319786,10.20486031904657,-0.024625981431480627
4.061722007914923,0.5021103260446398,10.111627358650006,0.03414212890984157
4.270661311903104,0.510736328386957,10.45221642395941,0.17954948463867915
2.8236812729794645,0.3760226502569707,9.386672820938395,-1.8619757107917871
4.823173293446524,0.5231094033822767,11.525249934003421,0.4261466396903099
3.2582310291415952,0.4011675028186543,10.152339752873944,-1.6054097440159647
4.026181981127098,0.4747831720981902,10.6000544504725,-0.42767959812380435
4.448007863734098,0.5811999092084864,9.566432722330573,1.242869549603737
3.7823589353793325,0.45570947414424867,10.374918533573426,-0.7352169561000764
3.3379235242611083,0.5405896047630546,7.71824757369352,0.5012489895674
4.059049975594922,0.5712658419891584,8.881701121541841,1.0127390539563705
4.126805166773415,0.5174762017663203,9.968586846813537,0.2787408560959998
2.78553652093003,0.4012572585857207,8.677526889943334,-1.3709484700946077
4.809527987870361,0.4832952704984509,12.439414063865167,-0.3324752753514139
4.312473145630388,0.6469808017974409,8.331918686090612,1.959411342388286
3.12583741811564,0.3776661759497976,10.345900749035938,-2.025045762997471
4.52441625445658,0.4852119412074365,11.655773153474168,-0.27578601386617546
3.9164607880207805,0.4670777507834593,10.481287059412084,-0.5521080714881078
3.93628266019602,0.5077883255103732,9.689772446618626,0.12074736309713868
4.153250175060502,0.5494963899631238,9.447855916167216,0.7482156171872304
5.073647679520084,0.5942010482248281,10.673255488772643,1.6086909680220534
3.5447755315784026,0.4816412810475098,9.199729318957454,-0.2702323920091581
4.358376221064908,0.551385316277885,9.880513890191246,0.8123413299768204
4.5263495147198185,0.5292144596746788,10.69119860571808,0.49974014486517293
4.11402203830538,0.5305884606664324,9.692120973423698,0.4743472978718003
3.753042038312249,0.46506050979398716,10.087510010188714,-0.5639239315264725
3.379704748592445,0.435712513870051,9.69591370745099,-0.9973214687759007
3.0620594022869048,0.4238636173143876,9.030202396493133,-1.100043112620697
4.097441589189296,0.457747171555161,11.189150484722145,-0.7564372093991233
4.718069784166311,0.5176470588049616,11.393066240582993,0.3216865758662266
4.253794715002822,0.5491148026438485,9.683300046096644,0.7609493931283295
4.055503960457015,0.5207683611486467,9.734423841321417,0.32346884785689517
3.6543627163101813,0.4650688842475471,9.822100661020128,-0.5489550961957409
5.11850636441655,0.6071024185006413,10.538803273625781,1.805970109932475
4.397312705719158,0.604378488840228,9.094699734758471,1.5188656236315399
3.7875898214038775,0.47767738128890075,9.91147469444741,-0.35400011275017335
3.693467919074826,0.4498541672070854,10.262959055169146,-0.8234314059856659
4.3219243368338836,0.507647436949253,10.642042149387247,0.13021495415796958
3.5213144125746085,0.609716553472752,7.21916272511858,1.2672986450543529
4.327743772454464,0.5199913534633105,10.403403209568513,0.3327649772541171
4.416613057222656,0.5336215051869041,10.345846761919084,0.5565487049100443
4.2970512335420405,0.4879584530457115,11.007728236699634,-0.21208012227562573
4.0176298415128375,0.5301010403878209,9.473735984779305,0.4562708952022307
4.564930943620443,0.6018114577624362,9.481646794730933,1.5445444514561384
4.361172243929025,0.4866286305166632,11.202516586669702,-0.23966878147771076
3.4463911837942525,0.5106162138726343,8.43684329385079,0.14330773250787254
4.778544354827373,0.5136412474121974,11.629090291381399,0.25381647654962736
5.16422046157665,0.5141231154763787,12.555894459227826,0.2837253557710373
3.4850362358463407,0.4157781324983154,10.477451684704885,-1.4118888760712274
3.3872050614936984,0.39152651857319215,10.814098473576614,-1.8768686558738945
2.894339781699343,0.4251171449636302,8.510418292900656,-1.0196550709218393
3.806147233021805,0.5112798462211378,9.305440213302427,0.16794229540166816
4.700073101870446,0.5313044317810346,11.057862547172101,0.5538561660032112
3.879388858906081,0.46799097563969705,10.361815346982233,-0.5306745597736241
4.616057756222945,0.587669151859973,9.81857253697323,1.3772574828673068
4.021559665772725,0.4912551423460443,10.232869132339545,-0.1431759743261871
4.212948592845419,0.5012084826606007,10.506976484320267,0.02031599823462459
3.785779784288856,0.48751121723647883,9.706904298912967,-0.19396387055266243
4.055435018382637,0.5084009920119192,9.971054055023261,0.13402679274666512
4.337714087102228,0.5441900721790248,9.963692625201066,0.7044740740436035
3.91191512639179,0.546496018129185,8.94772101858906,0.6656534379123312
3.680226380878846,0.44560864135828615,10.323594627959102,-0.8984229406095902
5.4832662540845,0.5806780132061499,11.803585914613091,1.5236637764785275
4.145271623361019,0.44166435858747854,11.731962130186192,-1.0950264574269175
3.449053788704603,0.505809385672247,8.523600704148242,0.07922701409061239
4.091054201189519,0.48377600590880604,10.570631219876738,-0.2743965735223526
3.7457056737030654,0.43858652371078755,10.675503780905773,-1.0489916773184873
3.798235520883628,0.49510397635853,9.589489537176359,-0.07512058797383152
3.243913099468843,0.44875842647176045,9.035799965287605,-0.7408137732923984
3.5081278959693667,0.5052501500367639,8.679185685828351,0.07290724327605223
4.023661469069671,0.5263653496376678,9.555296221149968,0.403085961219367
4.87596833912952,0.5888845452661949,10.350009136607213,1.4719293689732715
4.090468839006804,0.5195200439174625,9.841941824232743,0.3073842186274145
3.4500140945423245,0.4593126940853968,9.389066911736842,-0.6112253403048249
3.3045274420998396,0.4720298522795368,8.7508433686491,-0.39161981071960156
4.210275556412601,0.5084521992621238,10.350716258388298,0.13997810611456363
4.473347393518858,0.5052783440441093,11.066542446969455,0.09346082946215117
4.359025845300414,0.6005439708366884,9.073078027965508,1.4595892682284208
4.877048050537967,0.5834666708354417,10.448428964148723,1.3953529297569547
3.0687419393147093,0.4723743279357428,8.1205247560896,-0.3589359262422613
3.4626924923304045,0.4632967528815125,9.342533891058759,-0.5486421281861983
3.0133143457723754,0.3510514358460284,10.729604119515761,-2.5570546040678583
3.278432909583042,0.4613751106941195,8.882232790610379,-0.5489204133222201
3.269196457032886,0.434938859076496,9.39556327518757,-0.9780577060842837
4.3897745023272705,0.4805775152755786,11.417966828436699,-0.3548244580948187
3.902654529074039,0.5264094130871759,9.267156019747457,0.3915842423501111
3.7470182369077882,0.5121085214948413,9.146055180770736,0.1771923291989879
4.2153553412484985,0.4982289832679395,10.575848361930673,-0.02996800704754226
4.881684480806375,0.5104342617734927,11.954733563155294,0.1995821110885137
3.841073134466857,0.4919240837303942,9.760330052705882,-0.12611777323099171
4.406003810399178,0.5114346599672313,10.7687358603186,0.19701893254347608
2.922780168086346,0.3220121220614237,11.345769180115006,-3.2310550079193123
3.9955741202768515,0.48369981300377574,10.325552162880571,-0.26929348975075423
3.836607478999473,0.4928796386346455,9.73008209881494,-0.110850721053007
3.4788384464465127,0.4766225108551308,9.123673261374513,-0.3412617162065858
3.320942484580103,0.48411431311096487,8.574789039078935,-0.21794626210294177
4.796335756944887,0.5395590912816658,11.111701745103806,0.7033101178067301
3.773330192626342,0.46328284003784836,10.180957145741887,-0.5981053313408254
5.633471426577738,0.6213679494591597,11.332800942422933,2.200702099217128
4.739718591650926,0.5391471931062048,10.988925316349704,0.6882969302220884
3.7500581665320176,0.49957987643227764,9.383029479972384,-0.006307250913872172
3.4219141684410754,0.48534411903032965,8.813113300099646,-0.2066623031975665
4.121806689983699,0.49480667003229906,10.412669582936916,-0.08652228638213517
3.289343711291524,0.4389306283280086,9.367493115658784,-0.9153070699439787
4.103074386771284,0.4942658408450195,10.376689141000721,-0.09520253925800948
3.8468809832989637,0.5187916768926367,9.268848062338591,0.2786835167270544
3.9452807065077056,0.5396348000436264,9.138774746802726,0.5795416155732297
4.233448565755881,0.5367487345803286,9.859009190459286,0.5796897791443336
4.236201474880227,0.48428782827523503,10.934100620407984,-0.27487754656593466
3.414574831864466,0.4141272030365261,10.306539895313577,-1.4160822525219303
4.13679874635199,0.4625894518806168,11.178375148671782,-0.6691026262334455
4.3126718401841035,0.6149407111105673,8.766438296944774,1.612193042812388
4.025198300092055,0.5626234235433375,8.942922858467702,0.8960583134099478
4.1491443134879615,0.5233090563124866,9.910836300839685,0.3696195863041741
4.485633430937166,0.4608893159560453,12.165701383293069,-0.7612942447601239
4.271537022911838,0.5002134308406552,10.674286113562372,0.003645154973777971
2.945520560350868,0.41215057560163587,8.933387257955271,-1.255668685662482
3.6935753809688805,0.4652392755384312,9.923859547042293,-0.5519368756960736
3.9656842454779064,0.4850057367131333,10.220714790801258,-0.24520334168519506
3.5917057358429902,0.4760346276968371,9.431314254438991,-0.361639931865213
4.723610961950608,0.5563328668496595,10.613274991056505,0.956601931056012
3.228058587716351,0.4099203693383515,9.843553861835193,-1.4187259140354525
3.4475515769585545,0.44424145860612774,9.70066928179033,-0.8654322715151541
3.8167587293658825,0.4236980116771292,11.260256787192478,-1.3746879710222193
2.697459032791959,0.4067172345059533,8.290339097839714,-1.237353212687854
3.6773058115094472,0.5085785865663648,9.038194658215307,0.12405589644664888
2.872856140895552,0.3910694772220361,9.18269101855922,-1.6004405330562717
4.037861961419339,0.551480722030898,9.152318930001302,0.7538687788376367
3.585090893412912,0.4833614764721775,9.271246954708625,-0.24681577694107554
4.229784549419318,0.5040990424158232,10.48847595789082,0.06878833252597749
4.599901500362741,0.5181687797770553,11.096532828410346,0.32257673799720377
4.14933324413656,0.47514171404469935,10.916041260655888,-0.4341665202515911
4.108415007265085,0.5718561646367082,8.980437873470992,1.0324797157533776
3.859861477208233,0.48772168853799935,9.892582101430126,-0.19434272672763503
4.477941213009465,0.5355228174889549,10.452265213474824,0.59407025523907
3.996444989535551,0.4878471481108794,10.240002952285442,-0.19911238275725224
4.667736153516156,0.5160800065414931,11.305747399509235,0.2908743874249234
3.869697640861377,0.5187448186630981,9.32466576445599,0.2796626701579614
4.1875127381680946,0.5153826603597284,10.156319421100823,0.2499699394555311
3.3555537892271046,0.43661319555597905,9.606769285093911,-0.9743078496209195
4.31836789290953,0.5265750037030112,10.251075019089523,0.43587577054744
3.4089627403743235,0.47765431962435145,8.921103087310303,-0.3189569890995958
3.9436689268619287,0.5434408900451069,9.071062279042424,0.630488030489918
2.6317089338784534,0.35487330189075017,9.269889140211513,-2.152493444412304
3.0419741645105054,0.40296041237015723,9.436330688844953,-1.465116222054951
4.800892087320619,0.5196705044802656,11.547923265632763,0.36344556213502865
5.401624558270787,0.6041868336924305,11.175401914295431,1.8629275851052287
4.332469505120041,0.5533251287833583,9.787350329286056,0.8350587468112366
3.7279478505838117,0.45807189317580876,10.172933294209505,-0.6824509341999805
2.516199385066863,0.37418657904576613,8.405563981889602,-1.692052415377956
4.299626171960223,0.5472653198329365,9.820707653448535,0.7426862211616183
4.023554274303216,0.4950426748259603,10.159614713311727,-0.0805832220429508
4.753625794307683,0.5331240441694991,11.145684213401225,0.5907042178943853
4.188371248975383,0.5069781218235346,10.326804719674966,0.11529872221079104
4.187977486070468,0.501775809780026,10.432890058775552,0.029642925120495236
5.5984178788467736,0.6795672442141503,10.297762889750462,2.958625445893176
4.104535495346062,0.4996269135057322,10.269001189672128,-0.0061299610455789804
3.361673724999377,0.4884313065484707,8.603240824065024,-0.15924520925326485
3.7725725949618685,0.492079358999746,9.583242331659699,-0.12144867540402206
4.282186361062789,0.46810546056399943,11.434886798541543,-0.5835367167076569
4.824625024401354,0.5571728547550564,10.823896442609245,0.9901328947153126
4.020816632735382,0.47893162587199295,10.494234499065142,-0.3537543337813492
4.3446574765119195,0.5394830070006723,10.06671530922406,0.6359427056445893
4.406078073205044,0.516687262214741,10.659441395745663,0.2846030298135564
4.231537167485088,0.584136594045138,9.055110591047187,1.2189858621324263
3.578065973688678,0.5311893237311942,8.419940437986243,0.4201795969883613
3.240472988632189,0.42115072648439095,9.617913447765032,-1.2133847809476472
3.5519253305625416,0.4213265402378264,10.537923057723779,-1.3264877850539407
4.747316525945895,0.58708404539358,10.10782988226861,1.4083691460769014
4.101228069905759,0.4654579917054697,11.01395867884495,-0.6087108032644418
3.480278916729362,0.42026464203755043,10.351450516560469,-1.3206025797896521
3.683127578550858,0.45833566951640853,10.044842196214342,-0.6696185998697584
5.163306625090258,0.5697763720334766,11.327484954015636,1.2646252869680072
3.742843811908731,0.42026561607267154,11.132375778457467,-1.4202129989485122
3.5275158776324185,0.4453075645489995,9.901908698780558,-0.8664952037596095
3.2253763011953094,0.4531575779916172,8.896950138983922,-0.6668075087965194
3.011460466361197,0.4139970570418368,9.092638507744486,-1.2511898734731952
3.343255875430507,0.42476486146751746,9.838548861715847,-1.1843273385116637
3.0942214589071906,0.401505355876699,9.63318861634755,-1.5181079752636586
4.4325112253839,0.47527466034612476,11.65776232988065,-0.46118741313672207
3.1504919245521052,0.4733387504307638,8.319865851055368,-0.35490883174008503
3.633027808142662,0.45706547762338673,9.935742213110787,-0.6825381542033059
2.7466604855568857,0.38430855697238586,8.933773512601766,-1.653697838967641
4.673388720993218,0.5774291102005301,10.11680186891305,1.2533359468559955
3.4883665185707247,0.41999103455722453,10.38226483289201,-1.3290788291721605
3.9770580662458737,0.5181103912642647,9.595103025586095,0.27803371202287097
3.674809268913169,0.4362109770379,10.530481413681516,-1.0747665931188752
4.254707657168247,0.5426162782681625,9.801373059493706,0.6683168667415277
4.406157932481114,0.560830800063125,9.82060438724383,0.9558323551671646
3.3940377165186084,0.4427570317308526,9.58211127458109,-0.8776135866276552
3.298471850644071,0.3871146215103048,10.650824288731583,-1.923715729697126
4.403294245052304,0.5428926381299041,10.138501463706248,0.6957873191396077
5.567196125269934,0.6013005328844145,11.573239629782792,1.8758005467136352
4.715857220675971,0.5230531068273896,11.270024876824385,0.415694539892434
4.301782053768091,0.5095075238154931,10.553774607570578,0.16054442147971804
3.546103646365076,0.5653461600412069,7.840558353899953,0.8197606096101892
3.788796098182254,0.5561505065330576,8.515671687959362,0.7650548459970179
3.9800058122354254,0.452839413440662,10.986250572789826,-0.8289888337610103
3.4801689208416535,0.456745701876171,9.524361440474943,-0.6591513106966477
4.399499278099272,0.5373188128542167,10.234843757678291,0.6111235500559109
3.675803166259964,0.4903934995618475,9.369524600000275,-0.14401334748029268
4.865457450138274,0.5782361063892102,10.517886630516244,1.3166055958635523
4.031024904073424,0.4598271357975908,10.957989944094505,-0.7043421471287583
3.891453862599994,0.5533687521011409,8.790372260414383,0.7506099168684812
3.8458904204895985,0.5233114247412665,9.186428574512462,0.3426379813692278
3.271289852812498,0.4905205250936283,8.336271586668287,-0.12643756370963435
4.681318310648812,0.5718181354461587,10.23340731182877,1.1759107718346071
3.6739235981017857,0.5509968816592702,8.334719579170176,0.6800715328674297
3.3510837453494915,0.4348028028708505,9.633918305101359,-1.004967153382104
4.527953798823045,0.5380372116125497,10.519611146532803,0.6402186804198472
5.510732489617085,0.5712690762411212,12.058092934674962,1.374990631494199
4.08214499242267,0.4921368980374876,10.368418342287452,-0.13044468898462372
4.376825971597483,0.4861893274432194,11.252884741974922,-0.24865585038497331
3.768839963202144,0.45920430966124165,10.259158842559765,-0.6696471476435246
4.116895420916331,0.4991752616356546,10.309243409385015,-0.013603885675351006
4.2587311839171775,0.5438116304840942,9.789077102226805,0.68620068605291
3.4378577970491726,0.4468589952822477,9.616729867096366,-0.8176682995787476
3.7965724802484586,0.4246961697511012,11.174378151542696,-1.34635756073724
3.9619947856390234,0.47736375269458386,10.374674352824966,-0.37574991098192634
3.4446560486244477,0.41657281458571127,10.336296344884556,-1.37972497865875
4.01833911646889,0.5348187423498124,9.391824739568934,0.5232184412826316
3.6486384224317248,0.47237884423444737,9.654958268571562,-0.4266897699938011
3.9492952709162203,0.40908415014772725,12.067490482979059,-1.7554018445508066
3.798695510459435,0.4780639580303126,9.932498169571724,-0.3486075147385099
4.434159730939754,0.4893711301573568,11.326168059591998,-0.19261498579409048
4.016467122146227,0.5296115202431527,9.47974828866592,0.4491356133597169
4.247935897042208,0.49158896052004397,10.801544171548283,-0.14536354315421035
5.05028146795815,0.6135060482305315,10.289795598845613,1.8687264568398085
3.5791628320932465,0.46621715140755315,9.596286894656865,-0.5187038515389994
4.22822588512664,0.4963376191477188,10.648562898544482,-0.06239854858230655
3.3311671293116754,0.49239416930234714,8.456556091107526,-0.10291061426267058
4.088534379364955,0.48329559677935335,10.574621428921168,-0.28262838440702354
4.3859740812711285,0.5082522285406499,10.786903221911645,0.14242558501294
4.379844923843913,0.5329277865108533,10.273073188112692,0.5412312971976727
5.194418830369759,0.5740489205111654,11.310923696503856,1.3400987035364347
3.1881317544253407,0.4012489931913342,9.93189954530643,-1.5692561273944634
3.6851728892364775,0.4676206676647141,9.850860815348844,-0.5103428738061208
3.9181300989670786,0.47297382206427374,10.355039529108,-0.4477714253522432
4.816007649768923,0.5539356164235992,10.867706252720174,0.937850297361706
4.049604675244323,0.478910333333219,10.569840514452485,-0.3566630610733439
2.9617669735953007,0.37880509032096027,9.7733869253374,-1.8951755930793188
3.6457740938618297,0.5060891646089293,9.004772154821353,0.0877304638665764
4.248547086608058,0.49802543154933737,10.663479255946317,-0.03368923154093914
3.774047273176402,0.5121975569164622,9.21042872572686,0.17975156577131524
3.1526084123261526,0.4291961122049295,9.181724632039733,-1.040162880979482
4.597660070125174,0.6149658269787562,9.345356823957307,1.7190346810845034
3.8611536308101204,0.47987490304652125,10.057708806756985,-0.32385978378534624
3.587332985036965,0.48721324126728627,9.203703535709495,-0.18829685849366687
3.095720500381408,0.4365426940675143,8.86431196321497,-0.9000085698091608
3.270962220279524,0.4377083388417276,9.341158055542214,-0.9310020038747236
3.315298795941246,0.4221517336546677,9.816668189539097,-1.2227369597487854
3.985058361367451,0.4764862642572764,10.454284468145074,-0.3933108517811569
3.5481158449271795,0.44055102993415196,10.06726691076374,-0.957581838756634
4.596048832513061,0.6440985062220693,8.919537904751124,2.0564673412252215
3.147218662435015,0.3846078086694538,10.228662131571056,-1.8884923803868152
3.564936934467503,0.4316842686865985,10.322755521396,-1.1283305481817938
3.6173075096056717,0.473715762150473,9.545036809585447,-0.40141442845701475
4.018247215517977,0.5457348220630343,9.203753941172037,0.6734912780983248
3.4744694976850163,0.4719018082298752,9.203369845937619,-0.41375688138006245
4.125256769763268,0.5446206956140637,9.468187683154447,0.6759633930029775
4.392294869929189,0.44950546837317956,12.214242036435873,-0.9868038892903219
3.674016603431135,0.5040673090981368,9.110927591209453,0.05929113389470675
4.978420210376969,0.6061782357110119,10.26599916717888,1.7440410870108336
3.2304867636010934,0.43486464247645873,9.28589740362708,-0.9677443956994779
4.00739059163357,0.5276205320290319,9.49401688421468,0.4195676758953945
3.8210091838830693,0.5139156012683748,9.293863560603597,0.2069275192832601
3.1947134613686936,0.3697173410917151,10.801202385906572,-2.25153498598787
3.8571578581819828,0.46453388888283303,10.379107828543306,-0.5889705464706788
4.513838432196673,0.5716233983408268,9.870656198859196,1.1311519053059893
4.2687128149022575,0.5080380908509641,10.50293494664977,0.1350776724846987
3.691251796661505,0.4294763791033144,10.74346569527384,-1.2122689628960637
4.0051026178972196,0.5471879275551988,9.149284953598494,0.6907772729156428
3.979339492616037,0.47160854513662864,10.547252413183031,-0.4791229453143527
3.892972690271773,0.5242429191990645,9.282368315578386,0.36005072808083677
4.5236341480962245,0.5217361579106357,10.837935227193523,0.3769201144376306
3.736731591181835,0.43490020207187846,10.740198479386553,-1.1186956011455729
4.5563952376458605,0.5474487323699493,10.403703050696777,0.7898280347342986
3.412275062892798,0.4356804634245505,9.790073658775965,-1.007508801235176
3.13666336158074,0.4138562825844466,9.4738907368789,-1.30578586634164
3.4531340266697432,0.44332918289064466,9.736371301326905,-0.882828987722037
4.1346168886898145,0.47991427592010216,10.76915476405353,-0.3460900338631944
3.781769159953559,0.5073384204902447,9.31766895433232,0.10940315644126239
3.6335766298019174,0.45195217622519956,10.049671239970342,-0.77258373237244
3.6733579884688505,0.5564094948952614,8.252370830678231,0.7448193123951158
4.229881955431518,0.5153176779852453,10.2603746585243,0.2514641840435942
3.2383895254788686,0.45155889776204666,8.96447158257905,-0.6947982151055028
3.9172417660634062,0.5639978488873649,8.681863268164946,0.8889929175948555
4.788020131599498,0.5689882491990477,10.51871488194064,1.1610683576464835
4.034792663648767,0.4939592657613996,10.21033753013381,-0.09868469680951346
3.715157481658852,0.4859401788700051,9.556622510351993,-0.21498304496389087
2.992276053064102,0.3856859112318411,9.697904324230693,-1.7737713532563517
4.704657210786943,0.47924417982451234,12.271033767456693,-0.4075125923914689
3.776588926508131,0.4814201125533878,9.805855706977033,-0.2915067125653651
4.04220329231881,0.5156511389555973,9.79878397172241,0.24537940725969198
4.176708895846661,0.4901179587882222,10.652305279154744,-0.16842643163047274
4.156898403977589,0.5151198201483593,10.087212337268355,0.24402693814049461
5.162016524554962,0.5872639521794629,10.987428449757573,1.5340902893038646
3.8460224714360187,0.46777446251200056,10.277448801882143,-0.5299140986336766
4.058949515732429,0.4714845149464796,10.761089142538383,-0.49097228256584685
3.522749508042643,0.4216506335544301,10.443330412984833,-1.3091653143025817
4.253791272558664,0.49949153243222827,10.645303764823641,-0.008660466741585568
4.471345303296333,0.5613123266864865,9.957347030153821,0.9768129824696102
3.2134759363114567,0.39294047498909324,10.222527777269104,-1.7510703491923696
3.5586573192100706,0.45722457368445846,9.72896450679941,-0.6658569670193876
4.259638054206495,0.5021183001695043,10.60416950738634,0.03594050250391853
3.8866359679360802,0.5613955023412405,8.653961315434653,0.8501028835244372
4.481889635468655,0.5223094218574663,10.726136289888057,0.38287023902686523
4.561941954179949,0.5184955718082357,10.998025350222209,0.3254636281821306
4.184548318180438,0.4869485570309279,10.74176177791472,-0.2243127859709009
4.199298040702712,0.5304339515589866,9.895902280483385,0.4818742570187152
4.709243626209517,0.5603451780507712,10.505229211106965,1.014303883533461
2.834872644547896,0.38419483162598533,9.223421332056242,-1.7089917765492033
4.699108585977983,0.5420162711889797,10.837102213901042,0.7285354008351337
3.5109339808299627,0.49306523181024126,8.900784709408297,-0.09875980586671322
3.9724980163925547,0.4687321646790105,10.59373112124953,-0.5299888642145143
2.9915250649056975,0.3550297129235903,10.532657394613388,-2.443075785879315
3.472515472678329,0.41709982322419636,10.406727836263695,-1.3803513236542992
4.670196038424721,0.6110955890988649,9.552916355752739,1.6980589922472507
3.959792226955241,0.46000593081255425,10.760166232967544,-0.6885485324635544
2.7227096693480024,0.41694199669375687,8.162735137436359,-1.084768771253082
4.082675746875387,0.47353063455905,10.777221812367959,-0.45642595614359244
3.70400155288387,0.4543031103367665,10.191437909532915,-0.7451472218585933
4.4825627853261985,0.5070332491225347,11.050958672541853,0.1243586326189154
4.838506433089925,0.5929513721263653,10.200048984916547,1.5169736782466114
4.441968083277778,0.46902947454489174,11.838190146759711,-0.5866159508522137
3.700417291896677,0.5106457670855474,9.058180666551854,0.15429005055187112
3.670144356780509,0.4324162800286928,10.609407318501567,-1.1472371412402353
4.405681425440977,0.6042467077418023,9.113995510844278,1.520166442206532
4.043967249025365,0.5119664545999283,9.873613819545774,0.18904344241411
3.756039473411761,0.43705888093711986,10.742372587642675,-1.0818191232906198
4.702325240551523,0.5531923291793608,10.625430326210502,0.9043062201346425
5.431809296434378,0.5620878247265918,12.079538680357677,1.1999876485826133
3.9401654883584185,0.5104585429545161,9.648593266636501,0.16145636340763547
3.6947020538880855,0.40921292019476535,11.286001344146182,-1.639396967540776
4.79086433190616,0.6144843910515697,9.745699812869807,1.7851688135164747
3.8747012249993835,0.520843584565361,9.2990999117153,0.3101225206265262
3.9360457241139173,0.5873259974400538,8.377046438582976,1.1704542973614533
3.789621647802289,0.4661202979145406,10.16267062590215,-0.5508932051171423
3.592165795386599,0.4737157943285625,9.478694394383872,-0.39862392473390046
4.394233502576844,0.5063639624582313,10.847517369828903,0.11045310929056538
4.345340537044167,0.5734697521260685,9.471599245065567,1.11340167803588
3.880854391050803,0.5093841256506101,9.523398442418056,0.14299002816716133
3.513445204305534,0.4241383598137218,10.354655276430938,-1.2568338125336815
4.819480917647428,0.513969817705735,11.721215798139392,0.26198919678334104
4.379307144880924,0.6142878304590976,8.91135011906385,1.6295341945107669
4.439948263124215,0.5037330161504319,11.017612804731996,0.06580628246283132
4.414334881806389,0.5074365614577802,10.874105299795369,0.12938552377648257
3.280349740460717,0.41930816244098235,9.779054029631567,-1.2625437427838198
3.568671970145916,0.4178609848631989,10.67541628501834,-1.4029890877228395
3.5674433600623883,0.4589780849839862,9.715723573672523,-0.6376921388132418
4.785296558300739,0.4835043956549353,12.37138845402525,-0.32651764661872357
4.007192250803109,0.5065775269180329,9.887904708244921,0.10406073501027997
4.115144124658154,0.5102895682740554,10.080414093552664,0.16595697447417668
4.670637181848135,0.603490874026717,9.674208390849175,1.6019076510169283
3.35196210022034,0.5044157522562318,8.306545952488461,0.05868743844990988
4.426949992254178,0.5683243976424571,9.73684662012181,1.0644226884109076
4.073150121293105,0.49759765976008047,10.232036971538907,-0.03932933464491537
5.324820854475573,0.578738444475827,11.50092262165673,1.448903611625761
3.2615841117450257,0.38858147150449673,10.491957127796566,-1.8703974787472009
3.624881241567707,0.46185690225277093,9.810617812267303,-0.5987317666784293
4.515493975228668,0.5610734932484464,10.059943192747618,0.9830333962592408
4.045138143934962,0.4896151865358974,10.327340366408299,-0.17159600525671556
4.314178383262409,0.5605138711610744,9.621033941421066,0.9315296133879658
4.465427858109781,0.5225295800736525,10.682237016802862,0.38506610277727105
5.1229737550911905,0.5508532156299746,11.625088158086681,0.9458769837130342
4.161274368616207,0.5397606354628128,9.636851261504463,0.6130677280288434
4.81983657324702,0.5375667585673611,11.207530265850362,0.6736489338137502
5.096758215268304,0.5857628385612914,10.876326304231322,1.49245538715155
4.708134953772016,0.5585111449736611,10.537244861053864,0.9864740187009399
4.541673600990951,0.5614254114785411,10.111925618556866,0.9938067071364096
4.145322927785872,0.5012344738872716,10.33778387098271,0.020418758785576606
3.6221176255428404,0.46282622949086927,9.782606826128191,-0.5818502098168723
4.404967357354491,0.4651744838560634,11.836868503726597,-0.6595600882722964
4.088111036292655,0.5505667700417936,9.281596844244536,0.7509445971896803
3.2347475956918625,0.36313018210946096,11.134944694285934,-2.4384605640450236
3.9662995943541035,0.4292635452691536,11.549721721265616,-1.3071781883042857
3.389119423931525,0.43778630660170625,9.6768656671773,-0.96325368587879
4.342528094370035,0.4861395770291551,11.165846959292109,-0.24762137869361706
2.7418735200882374,0.3378694994725836,10.14398134623101,-2.631438036808334
4.654304566748867,0.5781825367650676,10.062359788635503,1.2587213025893325
4.270262141030349,0.5377927489631115,9.92543630716388,0.6001752363295938
4.346798759012316,0.6479041530753719,8.38626889945758,1.9845823984585664
4.7502768177620736,0.5629397828145488,10.547923958251705,1.062214468922782
5.092610371316713,0.556275105424535,11.443551764351746,1.030379331152028
4.8434498464655915,0.65133192150757,9.295279577375394,2.2506760310308676
4.053456419802901,0.46710264005446955,10.847338658079039,-0.5709580868574299
3.214188643457814,0.4052263272503377,9.914794607706279,-1.5034583992493944
3.446745591762665,0.48369615956025896,8.907310725022587,-0.23235739649273984
3.9866599593643337,0.45311645822410906,10.997889965719784,-0.8249920538471605
4.545992052006274,0.4862632342377725,11.686036831296244,-0.25684536102444716
3.1571895613231113,0.42869814658196437,9.20574764113039,-1.0502189902580903
4.370260711940148,0.534742749784772,10.215801695532873,0.567880067453997
3.6805971417276218,0.5374537829733625,8.56026429232065,0.5129828495987242
3.96973577728737,0.498310239860233,9.957992681428765,-0.026922590568272415
4.350217312828746,0.5185711621625338,10.486066402843264,0.31158150338288004
4.630138478772793,0.4924459808308576,11.75290960584346,-0.14205072712918293
4.999046320584091,0.5406677953532095,11.557573716126125,0.7520336682672812
4.691819711367966,0.5037384990017961,11.64249834156322,0.06964074948535595
3.6564404108032966,0.4824865274167303,9.472908058127958,-0.2654456248957732
4.366726207571749,0.5595592132305612,9.754834931500984,0.9295844699427109
3.9646884646446066,0.5945348088475694,8.335694575078064,1.2608212692267615
4.382664709453015,0.590029363634869,9.28484449158102,1.3374538256412125
2.924130974602216,0.4275960090832217,8.548170798154892,-0.9902746893194819
3.878991154634048,0.4677749924237474,10.365536896637241,-0.5344472080416974
2.8704559507096565,0.385689141496677,9.303009995208756,-1.701496094747692
3.4401485829722076,0.4832441609324287,8.898577730185027,-0.23856501820360618
4.065896132878541,0.5269661544625224,9.64458556409932,0.4161238144776257
3.4596486303722354,0.4905842795778314,8.815123044070557,-0.13280117451197487
5.089032161439205,0.6170608034695251,10.309016819787633,1.930850867048302
3.910857310053697,0.4753363406646782,10.284447494023437,-0.4058433751113569
3.32946068623244,0.429750345236332,9.684287409942261,-1.088508555488929
3.9919819111685677,0.5383323648251415,9.269324519586574,0.5685042066678756
3.5391903643108535,0.5108201614777106,8.660558625154433,0.14993382849816042
4.496963939999409,0.5325452407931384,10.55535660524804,0.5496425958003854
4.24338226136727,0.5185621898934125,10.228720739935437,0.3037879307861897
4.307609065914414,0.5145593470355657,10.464315464122443,0.24376576053087365
2.816276406097645,0.3631631547289384,9.693564619047352,-2.1222988830425917
3.5497735840087667,0.4536068576587721,9.782076494418599,-0.726114027517346
4.281637200534089,0.46775449211950004,11.441999148776302,-0.5903249179528643
3.5857838848329617,0.47686263367482673,9.399415134501062,-0.3479643379349264
3.650746571746296,0.47107107711426427,9.687355977441916,-0.4483916384609412
4.503966213989905,0.5240147354482735,10.743892082865148,0.41281876168769105
4.421605772968261,0.5364510143902785,10.30291129655563,0.6008825086920193
2.615530653797825,0.41107230190323946,7.953377792933502,-1.1316409267511525
3.6682475113846724,0.5516418316624202,8.312113269968332,0.6868044067946779
4.028551562689498,0.539201035672265,9.339168733389906,0.585768138667071
4.5970048987972545,0.5266817869560949,10.910299664445366,0.4657700660382165
3.559721987058239,0.4169592201178098,10.671673077682684,-1.4178944880296693
4.428100494444495,0.5261764652482308,10.519523360749986,0.4405823002889993
4.292395348302464,0.5048572996058465,10.627744096335823,0.08259541953627011
4.092862135757913,0.5664983250230966,9.031055245377477,0.960880075213844
5.132597234950873,0.6051993248641779,10.601047093250553,1.7843567953013033
4.425520464108113,0.6093262962890581,9.078716303277456,1.5880678855942618
4.435241766828807,0.5064310480925339,10.947299201772106,0.11264417223992805
3.794836600451485,0.49987652770210467,9.489434865785926,-0.0018746917257705736
4.428624573247339,0.5384149038785667,10.28162607810668,0.6319482840093328
2.6926806618026733,0.41423299071086034,8.125501596280984,-1.1150399534194404
2.735102864315446,0.3951953160349332,8.651111087794614,-1.4506831416048005
4.200005679142532,0.47337118298953296,11.090677437887578,-0.4725305920249986
4.886982004932028,0.5713499668841434,10.69174387018691,1.2205689137145275
3.3472611415304443,0.47643433199184543,8.7820632266792,-0.3311282982824718
5.265527141870317,0.5832134538648737,11.285591722413999,1.502580905809435
2.169629786930242,0.3044080830679726,8.909215571181857,-2.7881128830850024
3.2143812281679183,0.40099721880599626,10.019961103904333,-1.5872064267876305
3.74611538482569,0.49187959294902067,9.519899378133848,-0.12368873285569916
4.074731192021989,0.5611597423880617,9.076584803378879,0.8881945413408756
4.432364675255385,0.4961036292716387,11.167940561538579,-0.06962309872009259
4.626166226003057,0.4948837774941535,11.684981495624267,-0.09565274449329955
4.010438939210517,0.4925244267433994,10.178274217097657,-0.12174149525709202
3.7289506995445305,0.4044064560522638,11.525998916862669,-1.7628977344010746
4.466548415944168,0.5744736148074183,9.718784946810604,1.1580688744398528
3.7019410794342558,0.4577844358682671,10.108308598382354,-0.6827647198373713
4.5973620311650745,0.5672120251550617,10.131489256394618,1.089532657214453
3.5020547355693363,0.4950157542399835,8.843291111376278,-0.07052341796234977
4.733862950649553,0.5635842643022746,10.49945689246253,1.0681603873290815
4.45550624655373,0.5200319687318069,10.709693140162369,0.34325798097756616
3.8772733008643483,0.4932151449942741,9.826526365358673,-0.10667449055824228
3.4364303562892142,0.5170208587007159,8.308248831887157,0.22626164706870253
3.4105933931926433,0.41120397794916524,10.367705494371076,-1.472977609111576
3.3970092579254043,0.5004441173227773,8.484986485849717,0.006029327171035006
4.533512227601758,0.6167218083349656,9.188730166364229,1.7160403221121312
4.7066652989744835,0.580701508099581,10.131421292450314,1.3081935639887152
3.199623222921463,0.43330257568514896,9.230337535676247,-0.9850235826980721
4.354313585887031,0.5308234468335217,10.253676650545174,0.5056858513379232
4.033505840415178,0.5158574546833133,9.773789745103521,0.24797988474753857
3.756395535762283,0.5610242502113589,8.369503489258946,0.8171882801174081
4.11426506719251,0.5057873444175075,10.16797156107851,0.09415288552221196
4.1178798755495665,0.4862146226530491,10.58657968028654,-0.2335039931301
5.070275485305077,0.5755188893327996,11.012400242811882,1.3306307763606484
3.961571054229227,0.5140394260549813,9.633431925233054,0.21639656827201
4.603138689479074,0.5789519457283125,9.938516321264794,1.255464321946314
3.8891496339363267,0.5716048393111021,8.504891330660199,0.974386203344494
4.623712141376263,0.483050029208058,11.96488940533929,-0.3244872415189078
4.518503138561295,0.4909278490066747,11.505008189349684,-0.1670002743571596
4.95218260995409,0.6209997178398337,9.968165982386449,1.9298324339990223
4.045804453661974,0.51211894033945,9.875158227355046,0.19148232543991203
2.448596650572797,0.4329338458394976,7.069777155632023,-0.7586284233600243
3.814083386172588,0.43203360187719264,11.035262562912749,-1.2000432779850234
4.712210690091793,0.557639001554065,10.562861181157288,0.9741324352577567
4.405271608746884,0.5092652657685208,10.812811870496867,0.1602937210962731
3.4418547626157374,0.4484033066103687,9.594751844700573,-0.7920919505289836
4.149520885592967,0.5442382215907111,9.530571174936634,0.6745848312366249
3.585706889199827,0.5113916375894368,8.764581354179667,0.15974869505592115
3.4809663566925217,0.4037116364517297,10.778009730185,-1.660475070762957
4.795204328834791,0.5326984927206502,11.252153878698463,0.5886855547108121
5.116148502126835,0.5749058758086716,11.123882876763046,1.3331907028432335
5.354828145719576,0.657049763609902,10.187257576008353,2.559850230632471
3.8867906011639914,0.5022550725836721,9.673348297832472,0.03490256406200444
3.695536659758832,0.5162500621099076,8.948029576633896,0.2326496582105465
4.52259819476506,0.6079905422404184,9.298249480369146,1.6065968052348043
4.271381322922249,0.5100741254700327,10.467550473635022,0.16872226693647913
4.023849581379612,0.5177128927855185,9.715446624599126,0.2753418630799228
4.34125247817892,0.46614356065732077,11.641404184735519,-0.630618391430576
3.7637548559731364,0.42185647202824034,11.152356030824327,-1.3943751127131896
4.2156203150634655,0.5606957198365403,9.398190867883844,0.9126879358198553
2.876950055859877,0.4093862959465716,8.784337935664997,-1.273570236812244
4.350960784365265,0.5754276033045655,9.451581657228832,1.1406562429474632
4.0320703991307685,0.45548247388370544,11.065382946436495,-0.7881655588876596
3.9230480159504624,0.517493654140297,9.476077591878282,0.2652339583982989
4.032259328387458,0.47793759746112063,10.545987985166501,-0.3722717313582859
4.360948071287802,0.5778159656651722,9.434119880772828,1.1746002379573404
4.287688863912669,0.5181790599592712,10.343164157023445,0.300846402206581
5.190804465594763,0.61630110976999,10.52814197335298,1.9590953525071417
3.8524944585540277,0.43834800379188715,10.985833245584546,-1.0836776793595817
4.780227592999778,0.5226238951518227,11.43324013057975,0.4138630815357569
4.547762514376741,0.5026160987312907,11.310228934807935,0.047341880907133
3.9279031819593535,0.5184760190963388,9.46982849082723,0.27994357125692276
4.739153091347608,0.6012333937866617,9.852981263855957,1.5959211716104487
3.823248976962804,0.5414461914585044,8.826474904791652,0.5853180300922858
3.3319631806476098,0.4265485186064678,9.764314712465533,-1.147525408677207
4.276482267115751,0.5332635387172696,10.024317144864591,0.5335108183398289
3.630606337950353,0.47293028078916904,9.59604006507057,-0.4156193761557507
3.5618886875848026,0.46884647071027086,9.496415431550494,-0.4733549700707904
4.935760735117669,0.5592509136526258,11.03208017775246,1.0458573280333687
4.061823186523186,0.46548585120081887,10.907482945090749,-0.6023399830262286
3.96978365535075,0.4771777411933918,10.399122047852044,-0.3797303275801356
3.5051993857767547,0.5023221047434798,8.722489396437048,0.03240725440387064
4.553465308172788,0.5579717862312782,10.200930899500234,0.9461858967453881
4.137102273054593,0.5378018282646785,9.615768429059996,0.5815898028611892
4.409083528359901,0.487052593794235,11.315727460797092,-0.23441491191787137
3.142995468486959,0.4792490455811677,8.19770925332664,-0.27217646568739323
3.196405692713377,0.423200137911812,9.441176308700353,-1.1601296615335286
3.385422332402242,0.44955069705029643,9.413349691746433,-0.7598350885926631
3.4861798443057928,0.4570995589613952,9.533425968040097,-0.6543810858204931
4.308386028525133,0.4914847211474569,10.957578748497138,-0.14929094174744556
4.05243815411384,0.6623672976575525,7.647641588823149,1.9867630371691618
3.5790444126148317,0.4568861677253121,9.79194782377012,-0.6754694337864318
4.192373735694167,0.4829602868791881,10.850720674117465,-0.2958290679056386
3.3658477999150413,0.3831752936698124,10.98011750600836,-2.0523984049766058
4.080654402939227,0.5397164349049982,9.450922139459934,0.6005710943105073
2.9393643433496623,0.39421866647173387,9.320221850657912,-1.5774487938270054
3.685190668306905,0.4452342204876274,10.346213573472708,-0.9065895221643572
4.581582360320785,0.5641766575330476,10.15103669025072,1.042335368440993
2.975297031221422,0.36934873363809206,10.069403115027256,-2.1049284295789623
2.527408927453224,0.5096715462970601,6.198621803139009,0.09592041239523996
3.9495959413713098,0.5564173046886277,8.872827795096866,0.8009296466651268
4.417432893080736,0.6043478082406167,9.136776937151494,1.5254442364402778
3.797157390538808,0.44596846190461403,10.643009861959035,-0.9200931084896136
3.111683693012439,0.4544333938594212,8.559240295330929,-0.624024850239865
4.48356713735712,0.6259606600521366,8.95337243913955,1.8044363234026013
3.9257163253362406,0.4984091812667754,9.845615994067598,-0.025060144581597745
3.1168299621532234,0.4471827849766437,8.712404823220147,-0.7362639342696717
3.898398643418773,0.45786575176995326,10.642853905180965,-0.7174858373072273
3.357160366292825,0.43673917792213396,9.608596320191394,-0.9725563235674656
4.513326270204731,0.4767770376977919,11.832905932294317,-0.4396722054259928
4.292222751401116,0.5725845657396702,9.37028128294111,1.0882204764493446
4.213369753020106,0.5588784451846915,9.423716796833435,0.8877660685734637
3.7346401642950515,0.4320724576681835,10.804438289269308,-1.1742703028253445
3.8451582666855257,0.5143521810939197,9.34466307333352,0.21458607470423502
4.403547460640611,0.4781654569191951,11.511568320442173,-0.40215973507251773
4.584386178961124,0.5466497396247381,10.482914942272258,0.7824404041044422
3.8002681606078257,0.4899212438678584,9.696120060556188,-0.15635972722929936
4.121443142069053,0.5235997722229785,9.839202002922923,0.37152468179976716
5.060980491367785,0.4922861638147179,12.850707737117588,-0.15860520695849933
3.10191877828007,0.36967549316979487,10.488654358997952,-2.1870859306382227
4.083692029060894,0.502894103233697,10.15047701594143,0.04700244536864444
3.3110958231616014,0.4194478818090795,9.867423244816612,-1.2717469495300868
4.788429018910527,0.5423075475303709,11.037162032680264,0.7471284116768413
3.052755528280399,0.44990464754130466,8.481673686200732,-0.6798278923997879
3.6250184627767768,0.46148893461550183,9.818811977033178,-0.6050126560729895
2.8620856050884473,0.4992235557261551,7.166342543986497,-0.008902825012302579
4.075533926747523,0.5381469072629226,9.466592374088332,0.5777939542243806
4.254298816264714,0.4902202616265633,10.847926812910694,-0.1697438177991287
5.373983721564597,0.5901725019514158,11.382230838855218,1.6421827720450202
5.066797026014919,0.5971633089935451,10.605970238180038,1.648817861485808
5.113721732684092,0.6007679544245083,10.639968591497741,1.7154685921699906
3.1964800417387633,0.48232164879840045,8.284098510045368,-0.23431872455876748
2.9876712473905997,0.40063707594319564,9.321626188605068,-1.4819584561028547
5.199801263483989,0.5664565239192324,11.474405015912122,1.220078514238279
3.58228335315646,0.47253989455619533,9.47613998951587,-0.416345285299776
3.9646901951637576,0.5024182788366393,9.864017597906884,0.03816631200200775
3.991935256884512,0.5427106108825586,9.194438013642317,0.62832010285517
2.8242812055475763,0.3893949632292171,9.066248514509756,-1.6044364005126521
4.626452912074368,0.6068446504451128,9.529730773520296,1.6291212053324975
4.173058778180795,0.5585560266443825,9.338944034072851,0.8749623291033075
4.559136509362474,0.5200930597956848,10.957501795816842,0.35227158207147286
4.5316062143950635,0.5545083527045593,10.215369597889294,0.8909167504786911
4.686029800241081,0.531590798356928,11.018883826443517,0.5569525393273475
3.503519056453701,0.5084778341744453,8.612762496672905,0.11682811556907778
4.3362940982093425,0.4828640368633024,11.225453148204057,-0.3077743221445603
3.6390113524400713,0.45390251564797995,10.021456224044906,-0.7391422743557824
4.8793464941020614,0.5151620612672644,11.839348384125945,0.2872142809033677
4.159491074541578,0.5226949665049653,9.947223861639351,0.36120305977167483
3.9442386754789314,0.5795851922155059,8.50659818533708,1.0831988026881991
4.614018255509134,0.511113971410636,11.284220627873838,0.20066000871919681
3.518803946860307,0.4459370090251301,9.863511761876468,-0.8532015157805608
2.3510375444349165,0.3744699317556896,7.847884920333111,-1.576232847396656
3.9942967915429164,0.49214146659968844,10.145194681369704,-0.12756216200993092
4.078762061998463,0.49832263681154676,10.23122812585812,-0.027458376689570886
4.381399305934647,0.4944649137593036,11.076112743328618,-0.09809158279359968
1.7997460188364052,0.35082734648995606,6.4125061687855425,-1.5305128973556241
4.996780360312272,0.5602339738871136,11.148869475111296,1.0744651405355077
4.346476171220105,0.5703795497298082,9.525403245258033,1.0726297462337824
4.358856580861098,0.45685539728364066,11.926247907920859,-0.823285164614491
3.715678655474814,0.5608253938361082,8.281718999159342,0.8059821116221542
4.694550991674117,0.5564722759667609,10.545338901920719,0.9528308618116563
4.183911070625953,0.5023079208433701,10.411718830755268,0.03844707664769293
3.356904794798727,0.43810620771954323,9.577885269739413,-0.9484986261940769
4.497168405587042,0.6092935450053544,9.226194094891323,1.613381535261024
4.040962705801673,0.5247319333212127,9.626254972288898,0.38092143377222654
3.735793156169002,0.48374662143539315,9.653279709437557,-0.2510374552120426
3.885047495261379,0.5552249412570435,8.746561993562311,0.7728453956729086
5.208301111945574,0.5922296940835189,10.992992170051245,1.6222084878501515
3.3145397880827283,0.465117638051493,8.907799653567903,-0.4971601466888655
4.754987663740398,0.5392027219392803,11.023190977780008,0.6914225452567888
4.256006259261985,0.647907128052263,8.211065434749077,1.9431601707247084
3.370841670805511,0.4289558684550452,9.822810219808126,-1.1165648342354797
3.6604505924216495,0.46510528671097406,9.837693466964202,-0.5492535887280628
3.6947547109264742,0.4625749469421869,9.984205628056442,-0.5978550805922049
4.303354783347113,0.4909682559012217,10.956295879679308,-0.15832713704922016
3.814074244074799,0.4866056097441069,9.79765278004224,-0.20997373588419468
3.9672259555700458,0.5197019240045253,9.542070589716301,0.3007954393670502
3.5100812059883433,0.44768372226254805,9.800672415139278,-0.8203755201347369
4.081070997787453,0.464560200565473,10.981006855569749,-0.6226634888808933
3.6684024627374106,0.5214121146710824,8.794393051865306,0.3012904839825757
3.669188529944271,0.5107825301172456,8.979331500193538,0.15491185973371044
3.654360603610788,0.5679198540437344,8.04330174757672,0.8740798091601995
5.015576990817381,0.5212722707451813,12.027248695886403,0.40935502492564035
3.9220254264673997,0.5545690291058476,8.840255271717545,0.7718466355607634
2.674351317880557,0.41196758787171467,8.114568344128267,-1.1429520395415
3.484732188983943,0.4739274763641266,9.191100861354585,-0.3834163111157828
4.67920787622098,0.6230606617414435,9.387544751948145,1.8483799508834453
4.782221423771995,0.5213727896272318,11.465456001240401,0.39207804655166945
4.187736790543037,0.5489895819684855,9.535100774424698,0.7473929615463166
4.253075080865148,0.5165626731495284,10.291769280709376,0.27273473716279445
3.4963560065743002,0.5323824802182192,8.209220195274769,0.42533585692878567
3.9677413709485827,0.48586253275964886,10.207983491781674,-0.23090405152817356
5.126271111125458,0.7672952399053757,8.351203755280755,3.571579218026311
3.676484019262007,0.47443866400854656,9.68640495116714,-0.39615592240969827
3.676890998735251,0.49740796248188995,9.240129019017067,-0.03832121774315163
2.810890436138947,0.3493257311818957,10.058271497166428,-2.424836325455249
4.806896811252813,0.5650169351303553,10.63440870613863,1.1062666575947218
3.1895151448382864,0.46016228664926123,8.664104049201875,-0.5522529496849271
3.5150355757052103,0.4957132096151448,8.863581571777576,-0.06079410601164124
3.8134153269369175,0.4676242249801631,10.193589005944583,-0.5280405508818312
4.2055728116835756,0.4918897236265362,10.687285710802495,-0.13868294527484562
4.424826528827603,0.4844399931265096,11.417375195094795,-0.28424709842062984
3.7897224199686037,0.49717665783158643,9.52810826964732,-0.04304177578064844
3.3770077887087186,0.49612142634451134,8.508521325089104,-0.052801482653846724
3.9975476320812935,0.49053873948724663,10.186625719560586,-0.15420531148588265
3.5982038995716774,0.48860193311634087,9.205356282112042,-0.16787722654627948
4.284491147136416,0.590112593410778,9.07557980243352,1.308518452326017
5.003979289625744,0.5482886592010745,11.408177074365286,0.8814169197592583
4.691207883258144,0.5522333780012133,10.618716810087124,0.8874423184465896
3.3425444137335787,0.45062722227453966,9.271922135723667,-0.7324488811117759
4.62092580178752,0.5786985590774744,9.981288464658343,1.2568208318483642
4.531551459349581,0.5713389928288586,9.914323011879091,1.1316445091958878
3.7893360827327336,0.4659739840622684,10.16509561783379,-0.553404328801565
4.5995501632567395,0.5992705353487168,9.594060386642093,1.5238520171998033
2.8983620174452867,0.44728154188450825,8.099937472362953,-0.6832259429997894
2.688444010795224,0.3724163812502679,9.023649824994406,-1.842031838405077
4.33796435897467,0.5727137191642278,9.468003414745208,1.1015259861531725
3.9514853162914525,0.49255101663105916,10.028111766266225,-0.11951878043007562
4.055543037415432,0.5684678327203267,8.91770563781985,0.9769215645749826
3.6974128937955366,0.4537244093821636,10.186284937894081,-0.7542021627241914
3.2166064096528477,0.4180134615339732,9.618728538815922,-1.2617700117470425
4.312145853556054,0.583319927859016,9.240524898110174,1.23187178862397
2.7882552687163464,0.3992473456649833,8.729723876035575,-1.4072685633957673
3.398081310837897,0.4066055739903751,10.446491416391448,-1.5610305114373637
3.206903908947016,0.3845487617485529,10.42424338582298,-1.9255868907643525
2.9228522035618036,0.33828616048147586,10.80022088178898,-2.7944722983075785
3.7001630986199117,0.4384375300352131,10.549288225630267,-1.03910438326439
3.1649498027117855,0.3723773706200005,10.62413445479451,-2.1694079584120365
4.1350287055591375,0.4978565537117969,10.382078619660131,-0.035605484609829575
2.178427453397493,0.33040156214467786,8.241590321399542,-2.2364173503246474
3.3412157386334647,0.42964414660529854,9.720881120553647,-1.0942734191759897
4.593078013402069,0.6701218268818664,8.567617538243102,2.332061996209657
4.720246950503249,0.5189725241248251,11.369212075493033,0.34512424061207164
4.020797347821296,0.5033049862297011,9.985986275293582,0.05280567540772656
3.697526348034148,0.41011606625837244,11.269755845485191,-1.6207519803198573
3.4650722503120206,0.4828869502103313,8.969677708216015,-0.24559766594877117
3.987306595211235,0.5030346644201159,9.908130784107316,0.048108563136617044
3.302759301990027,0.4022506660131421,10.263374249708892,-1.605180795787059
3.9307294821989043,0.5081561823799857,9.669097854396487,0.12618068088061885
4.670731988432518,0.5730796698333755,10.18778939974992,1.1912324570650992
4.418736323263662,0.4810435267625941,11.482163456708381,-0.34825811883938024
3.4886164465981366,0.4862542885604138,8.968086577000697,-0.19723636840428496
1.9237827973369372,0.32663721517724886,7.362077512711622,-2.0420964154954233
3.9406327214285364,0.42461430028442854,11.600624139333323,-1.3992338686095869
4.212182656058683,0.5717892257409246,9.208337763361438,1.0576951014282159
4.118224555198782,0.4628258785879546,11.122499696222587,-0.6615506465805062
3.795909502887121,0.4454492582556284,10.651913300270824,-0.9297116344424167
3.567033722801233,0.4557548206271209,9.783313201967278,-0.6925831159713568
4.123404852357327,0.496539967592276,10.380344789644354,-0.05746612700083015
2.964578338821708,0.4182783741260101,8.859465735636508,-1.1584159108657917
4.097617114742233,0.5078399387799585,10.08589715439279,0.12651650597023537
3.557612243352624,0.41976575680560846,10.594040204785383,-1.3600076771230591
4.0772669105032815,0.5524352317233819,9.225667273663472,0.7740000020757852
3.3193556724855267,0.4313222606310999,9.61970890288832,-1.0570557773396025
4.78517156736658,0.5800155361260143,10.312593519751323,1.3202683189321007
4.524293157483156,0.49944623718068226,11.32327370965462,-0.010032652757383347
3.575915849853275,0.44713054375843786,9.996845160127224,-0.8456444283952297
4.28346636694757,0.5595300064308006,9.56934015539103,0.9114606095823158
3.254185250634663,0.41281745507190226,9.853584225465548,-1.3744968791031125
4.190537556293447,0.46936284609136225,11.16017594700538,-0.5470656450174095
3.74335730236211,0.4999949560085637,9.358487664168544,-7.552661061545873e-05
3.8193236395135495,0.4921926735613196,9.699767602894134,-0.12116680328820885
2.7428029545207453,0.3659905140383386,9.367739221765145,-2.008585468370626
3.45795011478242,0.4412594239925995,9.795683465222757,-0.9206465426133663
4.1695954121468235,0.5102946541691118,10.213695602337769,0.1682343424234322
3.7536055009284923,0.4252364209996246,11.033878201521118,-1.3198915593599103
3.783384535435365,0.6005048413621226,7.875424715256104,1.2664292986658463
4.469786010697808,0.529320106151511,10.555488915762036,0.4951808887859862
3.386243851684405,0.46471390286067715,9.10841011759985,-0.5142403907110707
4.127081769402094,0.4870025600939238,10.593070005130313,-0.2202924653000638
5.426636057636392,0.603515601574462,11.239634989301205,1.8615641238318181
4.866232230238089,0.5532024670933476,10.995595011999825,0.9359884508763173
4.253293084496658,0.5233941651747517,10.157958780158928,0.38021914486617187
3.626040188366489,0.41834424121373354,10.834498933959066,-1.4155187704342762
4.437452084766707,0.6124600034936029,9.056616063609319,1.6296113186459584
4.499068500117761,0.5662242665729795,9.93216991420193,1.052401068873978
4.533585744892459,0.4919481227526459,11.519471096680986,-0.14840538755987095
3.4094487534850644,0.46269994305388124,9.210744470223641,-0.5496980692087847
3.984955696627378,0.4884831948794568,10.19726916503941,-0.18790393877677286
3.2513615106553937,0.42199936614155453,9.6308246277222,-1.2019366808669738
3.686563833061294,0.46999038972810875,9.804891529787412,-0.47078555770734065
4.544008735135862,0.5458362538946532,10.406071195146511,0.7631605141545158
2.9883817992933515,0.3838944048838538,9.730481094786594,-1.807621277242572
3.8415991542636103,0.48036365729288166,9.99659085346187,-0.3140743742422747
3.855044678594935,0.5074875579522876,9.49541673038754,0.11375597287983731
3.3217726885932923,0.5079180731018782,8.17497167482907,0.10356803732332855
3.487769174274788,0.42771227391785793,10.193094128228752,-1.1789369540334256
3.5847115689969646,0.42922576007350477,10.439470036651237,-1.1821528913270605
5.0974520769108125,0.5598065357356679,11.382173464204051,1.0891653824583838
3.3349892683370395,0.4224442390655248,9.868134536862962,-1.224529092816291
3.946442065590471,0.5732580470973891,8.60529146859063,1.0086509563084367
3.4572140648164567,0.4673936200387332,9.245991805926757,-0.48236531510849157
4.75605511328616,0.5640272863501614,10.540392345339232,1.0797963503009356
3.755648943044263,0.47345823719001995,9.915470489366925,-0.42107850540501407
3.5284806933553536,0.4290763746642574,10.279290884158765,-1.166471320616305
4.2870453728016455,0.5554940636940245,9.646919861512286,0.856554856393462
4.73922795451737,0.4990842722092199,11.86980891408117,-0.01739122223019718
5.415483497174823,0.5771965630385101,11.727988011281493,1.4485765853244514
4.0734617923876035,0.5614909779251018,9.068404374546711,0.892200085137838
4.248899082772443,0.48685569385764643,10.909030993110852,-0.22942662894379623
3.8967911550944283,0.4727251019639439,10.304062389814787,-0.4496676016629738
4.017109981759493,0.5014587934008519,10.013559525289672,0.02337234328724855
3.7512298131919226,0.513006258541656,9.140312010655819,0.19021001785918956
4.207737990013155,0.4525800132022805,11.621530633447648,-0.8817485267318087
4.887073122978579,0.5471294274670065,11.165258341165726,0.8419395730245767
3.218478233047147,0.4709288199661475,8.542899947380864,-0.39736349181039743
4.341882650727071,0.4767740552031704,11.38349130825932,-0.4230277451533124
3.714304523172795,0.46607678749213377,9.961621729647616,-0.5406883373725029
3.87639240405455,0.5153565811553819,9.40220942595716,0.23101726734337139
3.263342593308466,0.4520655395712739,9.023422235422235,-0.6920526017208553
4.445413179739441,0.5077074192485845,10.944820311860736,0.13497010999029418
5.543259744125138,0.6662638740816885,10.399895521435507,2.766603071101871
3.623536741856973,0.4963284626599915,9.125853679731609,-0.053609460071342124
3.4585585155182956,0.4704803734778906,9.188902211669049,-0.4340047382986483
3.0111461444806102,0.3915674098541376,9.6124768963864,-1.667689228147901
3.820108544125882,0.5033084292995117,9.487493954359618,0.05022192476406931
3.656496653236248,0.43414857463061457,10.527780312152627,-1.1092309432496061
3.9637157377477377,0.47738416297535546,10.378736993083809,-0.37555811897157276
3.821543835679382,0.510118667611371,9.364350097139525,0.15160759364714313
2.4715015051789546,0.3703182944729121,8.342490575225076,-1.7309894498221519
3.5451316694593267,0.5113563595572489,8.666000733150243,0.1574627523984585
4.500279791245203,0.5175088328193602,10.87005550883045,0.3045151754260446
2.953525800750286,0.4099755191259776,9.005189526459029,-1.2971000196666516
3.8482994834836943,0.4757501763888918,10.111135198870596,-0.39230919212908744
2.3794038053902593,0.3610916159855524,8.236842466197903,-1.8306663621778045
4.946574402186405,0.5947083214356351,10.397059835663004,1.5755009358424055
4.93309220050283,0.517333075225746,11.91952640557102,0.33056327654884465
3.3789788571096144,0.487056770837384,8.671932768997914,-0.17958850097910234
4.1381609923178075,0.49031750470611624,10.549697269114722,-0.16343583065616263
4.6747065772787275,0.5688396082307697,10.27246193311461,1.1314436080657682
4.320070802501351,0.49460944352947506,10.917883946154141,-0.09416555192061088
4.112912257903612,0.5209510099280711,9.868759680664338,0.3308167712757532
4.868444757008854,0.5923936191438318,10.272824942065265,1.518629560365495
3.8997060772586893,0.47875122596282854,10.18197412814947,-0.3461671480021981
3.682819465334938,0.4354102685995302,10.57284281897076,-1.0926353245067322
3.2521046306137316,0.4437485865038859,9.160887294976355,-0.824500574753621
4.791311421773447,0.5876055320393165,10.192448761384494,1.4286638344392986
4.369844393250839,0.5052859363305933,10.810325597484525,0.09142830851405706
4.216030592435008,0.4718877758180044,11.167990591424612,-0.5023312882696742
4.6851137561090495,0.5579786065619924,10.495728915523674,0.9736443797991589
4.046196079254067,0.5703338192282043,8.868043466038717,0.9979573856771604
3.1407448458387526,0.464804048256277,8.44642182447993,-0.4756477679064388
3.677481805793519,0.4416387380228377,10.40862556084061,-0.9719368370854505
2.8100781982002325,0.39079422881021697,8.988356246827093,-1.57052860106121
3.440789381971233,0.39661139974879717,10.844334606085878,-1.793888920926237
3.752393028652554,0.48294760551007765,9.71221563643888,-0.2649864518459969
3.958048403838796,0.44930376524501414,11.01161594339298,-0.893195947036793
5.779563854746609,0.5957911984065106,12.12581662460879,1.8584744098061854
4.004339807270898,0.5036815540984669,9.937677324808464,0.0585377546950242
2.9825250737868307,0.3771910651564328,9.883999613531026,-1.9421495432511602
5.114761817436143,0.5805108607490391,11.01349294920278,1.4187292755100624
4.506417165824675,0.5091350154517901,11.063905027789692,0.1617103094175957
5.03313300743165,0.5376539847261228,11.701608168112745,0.7049794803731054
4.4196452361431735,0.5418054062724547,10.19656961931617,0.6820347768334102
3.89513150030634,0.5197870419614844,9.367133041657675,0.29655656728653923
4.26475677811895,0.532683703313643,10.007713657254195,0.5233426304345435
3.869928658616948,0.5159150510260928,9.376370806880237,0.23876067172970541
3.5427309283887647,0.43247030840847966,10.239809703428708,-1.106385905965437
3.8360702239244477,0.5251000481839746,9.131760312133027,0.36673219814247404
4.872755335023578,0.5586993727424789,10.902006456318272,1.0239055049925403
4.1739678555122675,0.4877274710229735,10.69749015458794,-0.21005641264581787
4.331264430601945,0.5339838992500853,10.139033303917667,0.5513022180697554
4.220025191301407,0.5261574199274999,10.025576546755941,0.41958914519806184
4.829248864687104,0.6157521224672569,9.803557081818875,1.8156520639191072
4.398526931058774,0.4860355928066251,11.312255203521634,-0.25275030069976034
4.328964911690724,0.4836867979572776,11.187417482689613,-0.2920041627702413
3.9998208717577364,0.4927967300251688,10.145716854577778,-0.11693174014674963
3.606144511605757,0.49300098748492954,9.143350122894004,-0.10239107510368999
2.3929518168470048,0.3390160204957534,8.823151680810389,-2.272617710954302
3.7937433644818093,0.46095976298896685,10.287620713037736,-0.6426098414665713
3.8947177583063284,0.52002023142411,9.361938062583604,0.29988506654577324
4.186245291616522,0.4995074117753821,10.475933872376121,-0.008256514667853591
3.4456522079535294,0.4480317123716147,9.61330446263024,-0.7993391541971328
3.9771121176077546,0.46143526028572124,10.77375435923861,-0.6647792521753807
3.9051595336430687,0.4782258093883447,10.20741524447887,-0.355613128296959
3.998435334379492,0.45444808638588197,10.998053061951754,-0.8015717808024205
2.849912593860583,0.45871069798345493,7.766094747705708,-0.5130506104434005
3.6394848419307864,0.46550490556548063,9.772949754175134,-0.5393901194785343
5.334400676610323,0.5458063750492368,12.216788133266835,0.8953708466071769
3.506931229575764,0.5847349854829085,7.496838988263063,1.0163912685410768
4.803853434111401,0.5538143871355091,10.842652217285162,0.9335850943946729
4.380552395895186,0.5255988221083925,10.418003740768942,0.4267017991752182
4.16011917953292,0.46077323414588756,11.285701054349236,-0.7083224844135482
4.410478506786615,0.5610491665686069,9.826408204474372,0.9598304499937307
4.3190164823614365,0.48244857947580194,11.190354439052879,-0.31425058651942994
4.498288425785246,0.5012844567310936,11.216905804138777,0.02305220825947024
4.747822303045871,0.5820247004302151,10.196780092701443,1.3382205319305884
3.5763916767180275,0.5059411052119644,8.835988121630518,0.08399285613164036
4.488843828751562,0.514162233545843,10.91300453408188,0.2472840302376188
2.904235458887637,0.4021790266919248,9.026563004714829,-1.4127794859965894
4.188554018657662,0.5308620531628371,9.862623429435587,0.4870092937668535
3.8887599740137704,0.44404774929115987,10.946908244162527,-0.9800066473024811
4.942796910780231,0.5570193314687255,11.092067706490699,1.011939656367902
3.768516822131585,0.488046622946096,9.652041026795025,-0.18459917717285057
3.1327087535409572,0.36848520086759495,10.62698293637378,-2.2361688420171104
3.2039753031641407,0.4735425914501194,8.45746338611453,-0.35802010256334205
3.6970303703492773,0.48504121701845876,9.52761909873059,-0.22803453828591722
4.830305171408558,0.526456025982244,11.468918895923778,0.48547522607809224
4.872611414462027,0.5369440102363467,11.34338804784611,0.6705123906471673
4.103803412205721,0.48079964877528775,10.669213836415787,-0.32776424472118837
4.449700303103523,0.5642150530818707,9.858165514191462,1.0128681948538745
2.7553764623320176,0.3175198600728269,10.847260316646176,-3.167055328652906
3.6337142241722704,0.45527179208312324,9.976771807962212,-0.7139889980252292
3.5111093075787654,0.43162745487833554,10.168228607493397,-1.1123642708371866
3.4082614080699836,0.42230026345823735,10.08838290840611,-1.2541835105849213
4.169645063249035,0.5650244243571113,9.2244796939382,0.9597063713475107
4.7049551240401755,0.5483157870772715,10.725924811319377,0.8291703990248491
3.184136085564846,0.44570510646417366,8.930052739424891,-0.7757700204102219
4.899366443655883,0.568327415384855,10.775844854189758,1.17805700395996
3.6664924579974416,0.50701560115885,9.039397529428081,0.10146689245241805
3.5003276632534295,0.4715935854923864,9.277924284102514,-0.4216841007751528
2.517199659492472,0.4395072616472525,7.159152644196725,-0.6929227963724369
3.548430756071775,0.450586758161263,9.843916548258303,-0.7782717264630926
4.312063018696511,0.5289997846377177,10.189188974929358,0.4727748574495346
4.655906453704889,0.5375306263814272,10.827072508053467,0.6501549009670022
4.643601009973427,0.5131787544562973,11.31087600969868,0.23850121218790918
2.3788057901766786,0.3494220698137208,8.509786572170567,-2.050217677383097
4.54211032285841,0.5168618178347291,10.984827487079896,0.2963586560529044
4.09708458057934,0.5370568500267174,9.535965746399842,0.5653965640388058
3.6365731579847234,0.45787106816190837,9.927939901792369,-0.6692056054644492
3.9795179292202083,0.5027319173761214,9.894731644427578,0.04325054289835325
2.888251982021749,0.3780242420242585,9.550485329180306,-1.8638842993007476
3.0290510464069405,0.4156176555081105,9.110088943117066,-1.229969061679773
3.9495690119653317,0.4802857456686951,10.279216715213987,-0.3242353482405271
4.169582445854408,0.4820930656086463,10.81114504465615,-0.3097511440161062
3.6719310007708033,0.5251480396300849,8.740228287240006,0.3516793717496016
3.398753804185967,0.42567253133144517,9.980541243626678,-1.18692538652941
3.5777920658149824,0.4772431897059544,9.370987745313297,-0.34120606462067304
4.193478820920729,0.4724121736897679,11.095921777818585,-0.48977978041340897
4.461437055767476,0.5314484247020446,10.49357954694468,0.5280104739792081
5.314003429954307,0.5771721684933061,11.508705114425355,1.4210427683683313
4.240954159325383,0.6272684051580303,8.451234998550865,1.720920319810075
3.629458616728786,0.4111602715835684,11.034196600361161,-1.5684400468313575
4.041059068320201,0.4970471457406179,10.162665410488573,-0.0480141917504573
3.1536659649595107,0.42503031564642796,9.274826550204732,-1.1125293102447653
4.163308921680361,0.49614216706695136,10.489203493558703,-0.0647449514862398
4.837872948938984,0.5228535180147679,11.566033272827525,0.422919279615949
4.682591099220872,0.5043889276405447,11.604614124672915,0.08149089870341171
4.304381432305412,0.4971694978637106,10.822218204256606,-0.04901169879446085
4.3448777130543,0.6028928518233856,9.008395314179122,1.4830391747653016
4.4844400772209685,0.5437075012536031,10.309863453422535,0.7209893917039087
4.000641799663103,0.4835232957068262,10.342422576079986,-0.27265446153778367
4.508912329505098,0.5013460307938951,11.242016622643629,0.024211360895293473
4.36949883178675,0.5553435913779415,9.835124820980125,0.8708978067893992
4.311123966225991,0.5380526518636549,10.01557178301588,0.6097905060392789
3.5260584709771527,0.4715751552016016,9.34649130706891,-0.4250761037008216
3.379613507703035,0.39599571672577244,10.66808732063705,-1.7752428411035694
3.321507057952115,0.4243288712150683,9.78458951084615,-1.1846574927726896
4.147381048008993,0.508957118340516,10.185978588755589,0.14597922501351515
2.9189165685069405,0.38284086434178405,9.530449987116107,-1.7865268526790055
3.9426985964847527,0.4905201264305386,10.047239613732417,-0.15239449801642782
3.341050209915438,0.4682181769990714,8.919586995023005,-0.45356917618752884
4.563982068253781,0.5614644045073887,10.160889166825447,0.9992528030472034
3.0999479985712135,0.4123400921712134,9.397424775772352,-1.3180438234754557
3.3138469323208035,0.3871559457519961,10.699328554428243,-1.9317689789009886
4.529160996596757,0.4778622920688872,11.847453418504527,-0.41964074161010806
4.655662062645351,0.5365791891542413,10.845701242121473,0.6347631315935225
4.08699029393023,0.5753032983519921,8.880077486166384,1.0699185989273519
3.4016178053606274,0.44104897032904256,9.640703284101496,-0.9093270165599429
3.5912538401511065,0.5350302933200015,8.390304915882533,0.47026374759618605
3.4497128008756133,0.4306297328966584,10.013570061891976,-1.1114304477623544
